Catégorie,Sous-section,Produit,Unité
Outillage-Autres,Tous,ARRACHE CLOUS,u
Outillage-Autres,Tous,BALAI,u
Outillage-Autres,Tous,BROUETTE,u
Outillage-Autres,Tous,BURIN,u
Outillage-Autres,Tous,CISAILLES,u
Outillage-Autres,Tous,CLE DE SERRAGE,u
Outillage-Autres,Tous,CORDEAU,u
Outillage-Autres,Tous,DAMEUSE,m
Outillage-Autres,Tous,DECAMETRE 20m,u
Outillage-Autres,Tous,DECAMETRE 30m,u
Outillage-Autres,Tous,EQUERRE,u
Outillage-Autres,Tous,FILET AVERTISSEUR BLEU,m
Outillage-Autres,Tous,FILET AVERTISSEUR ROUGE,m
Outillage-Autres,Tous,GLACIERE,m
Outillage-Autres,Tous,GRATTOIR,u
Outillage-Autres,Tous,GRIFFE 14-12,u
Outillage-Autres,Tous,GRIFFE 8-10,u
Outillage-Autres,Tous,GRIFFE 8-6,u
Outillage-Autres,Tous,KIT CLES A LAINE,u
Outillage-Autres,Tous,KIT TOURNEVIS,u
Outillage-Autres,Tous,LAME DE SCIE (PVC),u
Outillage-Autres,Tous,MANCHE PELLE,u
Outillage-Autres,Tous,MANCHE PIOCHE,u
Outillage-Autres,Tous,MARTEAU,u
Outillage-Autres,Tous,MATELAS,u
Outillage-Autres,Tous,METRE 3m,u
Outillage-Autres,Tous,METRE 5m,u
Outillage-Autres,Tous,NIVEAU A BULLE - GM,u
Outillage-Autres,Tous,NIVEAU A BULLE - MINI,u
Outillage-Autres,Tous,NIVEAU A BULLE - PM,u
Outillage-Autres,Tous,PELLE,u
Outillage-Autres,Tous,PELLE A CIMENT,u
Outillage-Autres,Tous,PELLE A POUSSIERE,u
Outillage-Autres,Tous,PELLE BECHE,u
Outillage-Autres,Tous,PELLE JARDINAGE,u
Outillage-Autres,Tous,PINCE A GAZ,u
Outillage-Autres,Tous,PINCE UNIVERSELLE,u
Outillage-Autres,Tous,PIOCHE,u
Outillage-Autres,Tous,PORTE LAME (PVC),u
Outillage-Autres,Tous,RATEAU,u
Outillage-Autres,Tous,REGARD DE VISITE GM,u
Outillage-Autres,Tous,REGARD DE VISITE PM,u
Outillage-Autres,Tous,SCIE A BOIS,u
Outillage-Autres,Tous,SEAUX,u
Outillage-Autres,Tous,SERRE-JOINT,u
Outillage-Autres,Tous,TABLE PLIANTE,u
Outillage-Autres,Tous,TABOURET,u
Outillage-Autres,Tous,TALOCHE,u
Outillage-Autres,Tous,TENAILLES,u
Outillage-Autres,Outils manuels,ARRACHE CLOUS,u
Outillage-Autres,Outils manuels,BROUETTE,u
Outillage-Autres,Outils manuels,BURIN,u
Outillage-Autres,Outils manuels,CISAILLES,u
Outillage-Autres,Outils manuels,CLE DE SERRAGE,u
Outillage-Autres,Outils manuels,DAMEUSE,m
Outillage-Autres,Outils manuels,GRATTOIR,u
Outillage-Autres,Outils manuels,GRIFFE 14-12,u
Outillage-Autres,Outils manuels,GRIFFE 8-10,u
Outillage-Autres,Outils manuels,GRIFFE 8-6,u
Outillage-Autres,Outils manuels,KIT CLES A LAINE,u
Outillage-Autres,Outils manuels,KIT TOURNEVIS,u
Outillage-Autres,Outils manuels,LAME DE SCIE (PVC),u
Outillage-Autres,Outils manuels,MANCHE PELLE,u
Outillage-Autres,Outils manuels,MANCHE PIOCHE,u
Outillage-Autres,Outils manuels,MARTEAU,u
Outillage-Autres,Outils manuels,PELLE,u
Outillage-Autres,Outils manuels,PELLE A CIMENT,u
Outillage-Autres,Outils manuels,PELLE A POUSSIERE,u
Outillage-Autres,Outils manuels,PELLE BECHE,u
Outillage-Autres,Outils manuels,PELLE JARDINAGE,u
Outillage-Autres,Outils manuels,PINCE A GAZ,u
Outillage-Autres,Outils manuels,PINCE UNIVERSELLE,u
Outillage-Autres,Outils manuels,PIOCHE,u
Outillage-Autres,Outils manuels,PORTE LAME (PVC),u
Outillage-Autres,Outils manuels,RATEAU,u
Outillage-Autres,Outils manuels,SCIE A BOIS,u
Outillage-Autres,Outils manuels,SEAUX,u
Outillage-Autres,Outils manuels,SERRE-JOINT,u
Outillage-Autres,Outils manuels,TALOCHE,u
Outillage-Autres,Outils manuels,TENAILLES,u
Outillage-Autres,Mesure & traçage,CORDEAU,u
Outillage-Autres,Mesure & traçage,DECAMETRE 20m,u
Outillage-Autres,Mesure & traçage,DECAMETRE 30m,u
Outillage-Autres,Mesure & traçage,EQUERRE,u
Outillage-Autres,Mesure & traçage,METRE 3m,u
Outillage-Autres,Mesure & traçage,METRE 5m,u
Outillage-Autres,Mesure & traçage,NIVEAU A BULLE - GM,u
Outillage-Autres,Mesure & traçage,NIVEAU A BULLE - MINI,u
Outillage-Autres,Mesure & traçage,NIVEAU A BULLE - PM,u
Outillage-Autres,Sécurité & signalisation,FILET AVERTISSEUR BLEU,m
Outillage-Autres,Sécurité & signalisation,FILET AVERTISSEUR ROUGE,m
Outillage-Autres,Sécurité & signalisation,REGARD DE VISITE GM,u
Outillage-Autres,Sécurité & signalisation,REGARD DE VISITE PM,u
Outillage-Autres,Équipement & mobilier,BALAI,u
Outillage-Autres,Équipement & mobilier,GLACIERE,m
Outillage-Autres,Équipement & mobilier,MATELAS,u
Outillage-Autres,Équipement & mobilier,TABLE PLIANTE,u
Outillage-Autres,Équipement & mobilier,TABOURET,u
Plomberie et Irrigation,Tous,ASPERSEUR - 32L / H,u
Plomberie et Irrigation,Tous,BOUCHON JR - DN 25,u
Plomberie et Irrigation,Tous,BOUCHON JR - DN 32,u
Plomberie et Irrigation,Tous,BOUCHON PRESSION - DN 110,u
Plomberie et Irrigation,Tous,BOUCHON PRESSION - DN 63,u
Plomberie et Irrigation,Tous,BOUCHON PRESSION - DN 75,u
Plomberie et Irrigation,Tous,COLLE PVC 1L,u
Plomberie et Irrigation,Tous,COUDE EVAC 45° - DN 125,u
Plomberie et Irrigation,Tous,COUDE EVAC 45° - DN 160,u
Plomberie et Irrigation,Tous,COUDE EVAC 45° - DN 50,u
Plomberie et Irrigation,Tous,COUDE EVAC 90° - DN 32,u
Plomberie et Irrigation,Tous,COUDE EVAC 90° - DN 50,u
Plomberie et Irrigation,Tous,COUDE EVAC 90° - DN 63,u
Plomberie et Irrigation,Tous,COUDE EVAC 90° - DN 75,u
Plomberie et Irrigation,Tous,COUDE JR - DN 25,u
Plomberie et Irrigation,Tous,COUDE JR - DN 32,u
Plomberie et Irrigation,Tous,COUDE JR - DN 40,u
Plomberie et Irrigation,Tous,COUDE JR - DN 50,u
Plomberie et Irrigation,Tous,COUDE PRESSION 45° - DN 110,u
Plomberie et Irrigation,Tous,COUDE PRESSION 45° - DN 32,u
Plomberie et Irrigation,Tous,COUDE PRESSION 45° - DN 50,u
Plomberie et Irrigation,Tous,COUDE PRESSION 45° - DN 63,u
Plomberie et Irrigation,Tous,COUDE PRESSION 45° - DN 75,u
Plomberie et Irrigation,Tous,COUDE PRESSION 90° - 3',u
Plomberie et Irrigation,Tous,COUDE PRESSION 90° - DN 40,u
Plomberie et Irrigation,Tous,COUDE PRESSION 90° - DN 63,u
Plomberie et Irrigation,Tous,COUDE PRESSION 90° - DN 75,u
Plomberie et Irrigation,Tous,EMBOUT MIX JR 1''- DN 32,u
Plomberie et Irrigation,Tous,EMBOUT MIX JR 1'1/2 - DN 50,u
Plomberie et Irrigation,Tous,EMBOUT MIX JR 1'1/4 - DN 32,u
Plomberie et Irrigation,Tous,EMBOUT MIX JR 1'1/4 - DN 40,u
Plomberie et Irrigation,Tous,EMBOUT MIX PRESSION - 1'- DN 25,u
Plomberie et Irrigation,Tous,EMBOUT MIX PRESSION - 1'1/2 - DN 50,u
Plomberie et Irrigation,Tous,EMBOUT MIX PRESSION - 1'1/2 - DN 63,u
Plomberie et Irrigation,Tous,EMBOUT MIX PRESSION - 1'1/4 - DN 32,u
Plomberie et Irrigation,Tous,EMBOUT MIX PRESSION - 1'1/4 - DN 40,u
Plomberie et Irrigation,Tous,EMBOUT MIX PRESSION - 1'1/4 - DN 50,u
Plomberie et Irrigation,Tous,EVAC - DN 110,Nb de tuyaux 6m
Plomberie et Irrigation,Tous,EVAC - DN 110,Chute de moins de 6m
Plomberie et Irrigation,Tous,EVAC - DN 40,Nb de tuyaux 6m
Plomberie et Irrigation,Tous,EVAC - DN 40,Chute de moins de 6m
Plomberie et Irrigation,Tous,EVAC - DN 50,Nb de tuyaux 6m
Plomberie et Irrigation,Tous,EVAC - DN 50,Chute de moins de 6m
Plomberie et Irrigation,Tous,EVAC - DN 63,Nb de tuyaux 6m
Plomberie et Irrigation,Tous,EVAC - DN 63,Chute de moins de 6m
Plomberie et Irrigation,Tous,EVAC - DN 75,Nb de tuyaux 6m
Plomberie et Irrigation,Tous,EVAC - DN 75,Chute de moins de 6m
Plomberie et Irrigation,Tous,EVAC - DN 90,Nb de tuyaux 6m
Plomberie et Irrigation,Tous,EVAC - DN 90,Chute de moins de 6m
Plomberie et Irrigation,Tous,EVAC - DN 160,Nb de tuyaux 6m
Plomberie et Irrigation,Tous,EVAC - DN 160,Chute de moins de 6m
Plomberie et Irrigation,Tous,EVAC - DN 125,Nb de tuyaux 6m
Plomberie et Irrigation,Tous,EVAC - DN 125,Chute de moins de 6m
Plomberie et Irrigation,Tous,FILTRE A DISQUE 130 MICRONS - 1"1/2,u
Plomberie et Irrigation,Tous,GOUTTEURS - 6L / H,u
Plomberie et Irrigation,Tous,GOUTTEURS - 8L / H,u
Plomberie et Irrigation,Tous,JR - DN 16 - PN 6,Rouleau de 100m
Plomberie et Irrigation,Tous,JR - DN 16 - PN 6,Rouleau de 50m
Plomberie et Irrigation,Tous,JR - DN 16 - PN 6,Moins d'un rouleau entier
Plomberie et Irrigation,Tous,JR - DN 25 - PN 6,Rouleau de 100m
Plomberie et Irrigation,Tous,JR - DN 25 - PN 6,Rouleau de 50m
Plomberie et Irrigation,Tous,JR - DN 25 - PN 6,Moins d'un rouleau entier
Plomberie et Irrigation,Tous,JR - DN 32 - PN 10,Rouleau de 100m
Plomberie et Irrigation,Tous,JR - DN 32 - PN 10,Rouleau de 50m
Plomberie et Irrigation,Tous,JR - DN 32 - PN 10,Moins d'un rouleau entier
Plomberie et Irrigation,Tous,JR - DN 32 - PN 6,Rouleau de 100m
Plomberie et Irrigation,Tous,JR - DN 32 - PN 6,Rouleau de 50m
Plomberie et Irrigation,Tous,JR - DN 32 - PN 6,Moins d'un rouleau entier
Plomberie et Irrigation,Tous,JR - DN 40 - PN 6,Rouleau de 100m
Plomberie et Irrigation,Tous,JR - DN 40 - PN 6,Rouleau de 50m
Plomberie et Irrigation,Tous,JR - DN 40 - PN 6,Moins d'un rouleau entier
Plomberie et Irrigation,Tous,JR - DN 50 - PN 6,Rouleau de 100m
Plomberie et Irrigation,Tous,JR - DN 50 - PN 6,Rouleau de 50m
Plomberie et Irrigation,Tous,JR - DN 50 - PN 6,Moins d'un rouleau entier
Plomberie et Irrigation,Tous,PIQUET ASPERSEUR,u
Plomberie et Irrigation,Tous,PRESSION - DN 110,Nb de tuyaux 6m
Plomberie et Irrigation,Tous,PRESSION - DN 110,Chute de moins de 6m
Plomberie et Irrigation,Tous,PRESSION - DN 125,Nb de tuyaux 6m
Plomberie et Irrigation,Tous,PRESSION - DN 125,Chute de moins de 6m
Plomberie et Irrigation,Tous,PRESSION - DN 40,Nb de tuyaux 6m
Plomberie et Irrigation,Tous,PRESSION - DN 40,Chute de moins de 6m
Plomberie et Irrigation,Tous,PRESSION - DN 50,Nb de tuyaux 6m
Plomberie et Irrigation,Tous,PRESSION - DN 50,Chute de moins de 6m
Plomberie et Irrigation,Tous,PRESSION - DN 63,Nb de tuyaux 6m
Plomberie et Irrigation,Tous,PRESSION - DN 63,Chute de moins de 6m
Plomberie et Irrigation,Tous,PRESSION - DN 75,Nb de tuyaux 6m
Plomberie et Irrigation,Tous,PRESSION - DN 75,Chute de moins de 6m
Plomberie et Irrigation,Tous,PRESSION - DN 90,Nb de tuyaux 6m
Plomberie et Irrigation,Tous,PRESSION - DN 90,Chute de moins de 6m
Plomberie et Irrigation,Tous,RACCORD PRESSION 1',u
Plomberie et Irrigation,Tous,RACCORD PRESSION 1'1/4,u
Plomberie et Irrigation,Tous,RACCORD UNION PRESSION DN 50,u
Plomberie et Irrigation,Tous,RACCORD UNION PRESSION DN 75,u
Plomberie et Irrigation,Tous,REDUC JR - DN 40/32,u
Plomberie et Irrigation,Tous,REDUC JR - DN 50/32,u
Plomberie et Irrigation,Tous,REDUC PRESSION - DN 110/75,u
Plomberie et Irrigation,Tous,REDUC PRESSION - DN 40/25,u
Plomberie et Irrigation,Tous,REDUC PRESSION - DN 75/63,u
Plomberie et Irrigation,Tous,TE EVAC - DN 110,u
Plomberie et Irrigation,Tous,TE JR - DN 25,u
Plomberie et Irrigation,Tous,TE JR - DN 32,u
Plomberie et Irrigation,Tous,TE JR - DN 40,u
Plomberie et Irrigation,Tous,TE JR - DN 50,u
Plomberie et Irrigation,Tous,TE PRESSION - DN 110,u
Plomberie et Irrigation,Tous,TE PRESSION - DN 25,u
Plomberie et Irrigation,Tous,TE PRESSION - DN 32,u
Plomberie et Irrigation,Tous,TE PRESSION - DN 50,u
Plomberie et Irrigation,Tous,TE PRESSION - DN 75,u
Plomberie et Irrigation,Tous,TE REDUC JR - DN 32/25/32,u
Plomberie et Irrigation,Tous,TE REDUC JR - DN 40/1'´/40,u
Plomberie et Irrigation,Tous,UNION JR - DN 32,u
Plomberie et Irrigation,Tous,UNION JR - DN 40,u
Plomberie et Irrigation,Tous,UNION JR - DN 50,u
Plomberie et Irrigation,Tous,UNION PRESSION 3'1/2,u
Plomberie et Irrigation,Tous,VANNE JR DN 40,u
Plomberie et Irrigation,Tous,VANNE JR DN 50,u
Plomberie et Irrigation,Tous,VANNE PRESSION - DN 110,u
Plomberie et Irrigation,Tous,VANNE PRESSION - DN 32,u
Plomberie et Irrigation,Tous,VANNE PRESSION - DN 75,u
Plomberie et Irrigation,Tous,VANNE PRESSION DN50-1''1/2-JR 50,u
Plomberie et Irrigation,Tous,VANNE REDUC JR - DN 32F / 40M,u
Plomberie et Irrigation,Tubes & tuyaux,EVAC - DN 110,Nb de tuyaux 6m
Plomberie et Irrigation,Tubes & tuyaux,EVAC - DN 110,Chute de moins de 6m
Plomberie et Irrigation,Tubes & tuyaux,EVAC - DN 40,Nb de tuyaux 6m
Plomberie et Irrigation,Tubes & tuyaux,EVAC - DN 40,Chute de moins de 6m
Plomberie et Irrigation,Tubes & tuyaux,EVAC - DN 50,Nb de tuyaux 6m
Plomberie et Irrigation,Tubes & tuyaux,EVAC - DN 50,Chute de moins de 6m
Plomberie et Irrigation,Tubes & tuyaux,EVAC - DN 63,Nb de tuyaux 6m
Plomberie et Irrigation,Tubes & tuyaux,EVAC - DN 63,Chute de moins de 6m
Plomberie et Irrigation,Tubes & tuyaux,EVAC - DN 75,Nb de tuyaux 6m
Plomberie et Irrigation,Tubes & tuyaux,EVAC - DN 75,Chute de moins de 6m
Plomberie et Irrigation,Tubes & tuyaux,EVAC - DN 90,Nb de tuyaux 6m
Plomberie et Irrigation,Tubes & tuyaux,EVAC - DN 90,Chute de moins de 6m
Plomberie et Irrigation,Tubes & tuyaux,EVAC - DN 160,Nb de tuyaux 6m
Plomberie et Irrigation,Tubes & tuyaux,EVAC - DN 160,Chute de moins de 6m
Plomberie et Irrigation,Tubes & tuyaux,EVAC - DN 125,Nb de tuyaux 6m
Plomberie et Irrigation,Tubes & tuyaux,EVAC - DN 125,Chute de moins de 6m
Plomberie et Irrigation,Tubes & tuyaux,JR - DN 16 - PN 6,Rouleau de 100m
Plomberie et Irrigation,Tubes & tuyaux,JR - DN 16 - PN 6,Rouleau de 50m
Plomberie et Irrigation,Tubes & tuyaux,JR - DN 16 - PN 6,Moins d'un rouleau entier
Plomberie et Irrigation,Tubes & tuyaux,JR - DN 25 - PN 6,Rouleau de 100m
Plomberie et Irrigation,Tubes & tuyaux,JR - DN 25 - PN 6,Rouleau de 50m
Plomberie et Irrigation,Tubes & tuyaux,JR - DN 25 - PN 6,Moins d'un rouleau entier
Plomberie et Irrigation,Tubes & tuyaux,JR - DN 32 - PN 10,Rouleau de 100m
Plomberie et Irrigation,Tubes & tuyaux,JR - DN 32 - PN 10,Rouleau de 50m
Plomberie et Irrigation,Tubes & tuyaux,JR - DN 32 - PN 10,Moins d'un rouleau entier
Plomberie et Irrigation,Tubes & tuyaux,JR - DN 32 - PN 6,Rouleau de 100m
Plomberie et Irrigation,Tubes & tuyaux,JR - DN 32 - PN 6,Rouleau de 50m
Plomberie et Irrigation,Tubes & tuyaux,JR - DN 32 - PN 6,Moins d'un rouleau entier
Plomberie et Irrigation,Tubes & tuyaux,JR - DN 40 - PN 6,Rouleau de 100m
Plomberie et Irrigation,Tubes & tuyaux,JR - DN 40 - PN 6,Rouleau de 50m
Plomberie et Irrigation,Tubes & tuyaux,JR - DN 40 - PN 6,Moins d'un rouleau entier
Plomberie et Irrigation,Tubes & tuyaux,JR - DN 50 - PN 6,Rouleau de 100m
Plomberie et Irrigation,Tubes & tuyaux,JR - DN 50 - PN 6,Rouleau de 50m
Plomberie et Irrigation,Tubes & tuyaux,JR - DN 50 - PN 6,Moins d'un rouleau entier
Plomberie et Irrigation,Tubes & tuyaux,PRESSION - DN 110,Nb de tuyaux 6m
Plomberie et Irrigation,Tubes & tuyaux,PRESSION - DN 110,Chute de moins de 6m
Plomberie et Irrigation,Tubes & tuyaux,PRESSION - DN 125,Nb de tuyaux 6m
Plomberie et Irrigation,Tubes & tuyaux,PRESSION - DN 125,Chute de moins de 6m
Plomberie et Irrigation,Tubes & tuyaux,PRESSION - DN 40,Nb de tuyaux 6m
Plomberie et Irrigation,Tubes & tuyaux,PRESSION - DN 40,Chute de moins de 6m
Plomberie et Irrigation,Tubes & tuyaux,PRESSION - DN 50,Nb de tuyaux 6m
Plomberie et Irrigation,Tubes & tuyaux,PRESSION - DN 50,Chute de moins de 6m
Plomberie et Irrigation,Tubes & tuyaux,PRESSION - DN 63,Nb de tuyaux 6m
Plomberie et Irrigation,Tubes & tuyaux,PRESSION - DN 63,Chute de moins de 6m
Plomberie et Irrigation,Tubes & tuyaux,PRESSION - DN 75,Nb de tuyaux 6m
Plomberie et Irrigation,Tubes & tuyaux,PRESSION - DN 75,Chute de moins de 6m
Plomberie et Irrigation,Tubes & tuyaux,PRESSION - DN 90,Nb de tuyaux 6m
Plomberie et Irrigation,Tubes & tuyaux,PRESSION - DN 90,Chute de moins de 6m
Plomberie et Irrigation,Coudes,COUDE EVAC 45° - DN 125,u
Plomberie et Irrigation,Coudes,COUDE EVAC 45° - DN 160,u
Plomberie et Irrigation,Coudes,COUDE EVAC 45° - DN 50,u
Plomberie et Irrigation,Coudes,COUDE EVAC 90° - DN 32,u
Plomberie et Irrigation,Coudes,COUDE EVAC 90° - DN 50,u
Plomberie et Irrigation,Coudes,COUDE EVAC 90° - DN 63,u
Plomberie et Irrigation,Coudes,COUDE EVAC 90° - DN 75,u
Plomberie et Irrigation,Coudes,COUDE JR - DN 25,u
Plomberie et Irrigation,Coudes,COUDE JR - DN 32,u
Plomberie et Irrigation,Coudes,COUDE JR - DN 40,u
Plomberie et Irrigation,Coudes,COUDE JR - DN 50,u
Plomberie et Irrigation,Coudes,COUDE PRESSION 45° - DN 110,u
Plomberie et Irrigation,Coudes,COUDE PRESSION 45° - DN 32,u
Plomberie et Irrigation,Coudes,COUDE PRESSION 45° - DN 50,u
Plomberie et Irrigation,Coudes,COUDE PRESSION 45° - DN 63,u
Plomberie et Irrigation,Coudes,COUDE PRESSION 45° - DN 75,u
Plomberie et Irrigation,Coudes,COUDE PRESSION 90° - 3',u
Plomberie et Irrigation,Coudes,COUDE PRESSION 90° - DN 40,u
Plomberie et Irrigation,Coudes,COUDE PRESSION 90° - DN 63,u
Plomberie et Irrigation,Coudes,COUDE PRESSION 90° - DN 75,u
Plomberie et Irrigation,Raccords & adaptateurs,EMBOUT MIX JR 1''- DN 32,u
Plomberie et Irrigation,Raccords & adaptateurs,EMBOUT MIX JR 1'1/2 - DN 50,u
Plomberie et Irrigation,Raccords & adaptateurs,EMBOUT MIX JR 1'1/4 - DN 32,u
Plomberie et Irrigation,Raccords & adaptateurs,EMBOUT MIX JR 1'1/4 - DN 40,u
Plomberie et Irrigation,Raccords & adaptateurs,EMBOUT MIX PRESSION - 1'- DN 25,u
Plomberie et Irrigation,Raccords & adaptateurs,EMBOUT MIX PRESSION - 1'1/2 - DN 50,u
Plomberie et Irrigation,Raccords & adaptateurs,EMBOUT MIX PRESSION - 1'1/2 - DN 63,u
Plomberie et Irrigation,Raccords & adaptateurs,EMBOUT MIX PRESSION - 1'1/4 - DN 32,u
Plomberie et Irrigation,Raccords & adaptateurs,EMBOUT MIX PRESSION - 1'1/4 - DN 40,u
Plomberie et Irrigation,Raccords & adaptateurs,EMBOUT MIX PRESSION - 1'1/4 - DN 50,u
Plomberie et Irrigation,Raccords & adaptateurs,RACCORD PRESSION 1',u
Plomberie et Irrigation,Raccords & adaptateurs,RACCORD PRESSION 1'1/4,u
Plomberie et Irrigation,Raccords & adaptateurs,RACCORD UNION PRESSION DN 50,u
Plomberie et Irrigation,Raccords & adaptateurs,RACCORD UNION PRESSION DN 75,u
Plomberie et Irrigation,Raccords & adaptateurs,REDUC JR - DN 40/32,u
Plomberie et Irrigation,Raccords & adaptateurs,REDUC JR - DN 50/32,u
Plomberie et Irrigation,Raccords & adaptateurs,REDUC PRESSION - DN 110/75,u
Plomberie et Irrigation,Raccords & adaptateurs,REDUC PRESSION - DN 40/25,u
Plomberie et Irrigation,Raccords & adaptateurs,REDUC PRESSION - DN 75/63,u
Plomberie et Irrigation,Raccords & adaptateurs,TE EVAC - DN 110,u
Plomberie et Irrigation,Raccords & adaptateurs,TE JR - DN 25,u
Plomberie et Irrigation,Raccords & adaptateurs,TE JR - DN 32,u
Plomberie et Irrigation,Raccords & adaptateurs,TE JR - DN 40,u
Plomberie et Irrigation,Raccords & adaptateurs,TE JR - DN 50,u
Plomberie et Irrigation,Raccords & adaptateurs,TE PRESSION - DN 110,u
Plomberie et Irrigation,Raccords & adaptateurs,TE PRESSION - DN 25,u
Plomberie et Irrigation,Raccords & adaptateurs,TE PRESSION - DN 32,u
Plomberie et Irrigation,Raccords & adaptateurs,TE PRESSION - DN 50,u
Plomberie et Irrigation,Raccords & adaptateurs,TE PRESSION - DN 75,u
Plomberie et Irrigation,Raccords & adaptateurs,TE REDUC JR - DN 32/25/32,u
Plomberie et Irrigation,Raccords & adaptateurs,TE REDUC JR - DN 40/1'´/40,u
Plomberie et Irrigation,Raccords & adaptateurs,UNION JR - DN 32,u
Plomberie et Irrigation,Raccords & adaptateurs,UNION JR - DN 40,u
Plomberie et Irrigation,Raccords & adaptateurs,UNION JR - DN 50,u
Plomberie et Irrigation,Raccords & adaptateurs,UNION PRESSION 3'1/2,u
Plomberie et Irrigation,Vannes & régulation,VANNE JR DN 40,u
Plomberie et Irrigation,Vannes & régulation,VANNE JR DN 50,u
Plomberie et Irrigation,Vannes & régulation,VANNE PRESSION - DN 110,u
Plomberie et Irrigation,Vannes & régulation,VANNE PRESSION - DN 32,u
Plomberie et Irrigation,Vannes & régulation,VANNE PRESSION - DN 75,u
Plomberie et Irrigation,Vannes & régulation,VANNE PRESSION DN50-1''1/2-JR 50,u
Plomberie et Irrigation,Vannes & régulation,VANNE REDUC JR - DN 32F / 40M,u
Plomberie et Irrigation,Bouchons & finitions,BOUCHON JR - DN 25,u
Plomberie et Irrigation,Bouchons & finitions,BOUCHON JR - DN 32,u
Plomberie et Irrigation,Bouchons & finitions,BOUCHON PRESSION - DN 110,u
Plomberie et Irrigation,Bouchons & finitions,BOUCHON PRESSION - DN 63,u
Plomberie et Irrigation,Bouchons & finitions,BOUCHON PRESSION - DN 75,u
Plomberie et Irrigation,Bouchons & finitions,COLLE PVC 1L,u
Plomberie et Irrigation,Irrigation & arrosage,ASPERSEUR - 32L / H,u
Plomberie et Irrigation,Irrigation & arrosage,FILTRE A DISQUE 130 MICRONS - 1"1/2,u
Plomberie et Irrigation,Irrigation & arrosage,GOUTTEURS - 6L / H,u
Plomberie et Irrigation,Irrigation & arrosage,GOUTTEURS - 8L / H,u
Plomberie et Irrigation,Irrigation & arrosage,PIQUET ASPERSEUR,u
Electricité,Tous,BOITE DE LIAISON ETANCHE,u
Electricité,Tous,CABLE A05VVF 3 x 1.5mm,m
Electricité,Tous,DISJONCTEUR MODULAIRE 10A,u
Electricité,Tous,DISJONCTEUR MODULAIRE 16A,u
Electricité,Tous,GAINE ANNELE - D 13,m
Electricité,Tous,GAINE ANNELE - D 32,m
Electricité,Tous,HORLOGE MODULAIRE ANALOGIQUE,u
Electricité,Tous,HORLOGE MODULAIRE NUMERIQUE,u
EPI,Tous,CASQUE BLANC,u
EPI,Tous,CASQUE BLEU,u
EPI,Tous,FOULARD,u
EPI,Tous,GILET JAUNE,u
EPI,Tous,PAIRE CHAUSSURES - 41,u
EPI,Tous,PAIRE CHAUSSURES - 42,u
EPI,Tous,PAIRE CHAUSSURES - 44,u
EPI,Tous,PAIRE CHAUSSURES - 45,u
EPI,Tous,PAIRE CHAUSSURES - 46,u
EPI,Tous,PAIRE GANTS,u
EPI,Tous,T-SHIRT,u